sensingNoise,inflowRate,intelligenceCost,nPairs,costScale,costStart_i,costEnd_i,costStep_i,dMean_survivedTicks,sd_dSurv,ciLo_dSurv,ciHi_dSurv,dMean_sigmaProxyCumEnd,sd_dSigmaProxyCum,ciLo_dSigmaProxyCumEnd,ciHi_dSigmaProxyCumEnd,dMean_sigmaProxyDiffCumEnd,sd_dSigmaProxyDiffCum,ciLo_dSigmaProxyDiffCumEnd,ciHi_dSigmaProxyDiffCumEnd,dMean_sigmaProxyActCumEnd,sd_dSigmaProxyActCum,ciLo_dSigmaProxyActCumEnd,ciHi_dSigmaProxyActCumEnd,dMean_outflowNumCum,sd_dOutflowNumCum,ciLo_dOutflowNumCum,ciHi_dOutflowNumCum,dMean_totalUptakeCum,sd_dUptakeCum,ciLo_dUptakeCum,ciHi_dUptakeCum,dMean_efficiencyEnd,sd_dEffEnd,ciLo_dEffEnd,ciHi_dEffEnd,dMean_birthsCum,sd_dBirthsCum,ciLo_dBirthsCum,ciHi_dBirthsCum,dMean_deathsCum,sd_dDeathsCum,ciLo_dDeathsCum,ciHi_dDeathsCum,dMean_netCum,sd_dNetCum,ciLo_dNetCum,ciHi_dNetCum,dMean_births_window,sd_dBirthsW,ciLo_dBirthsW,ciHi_dBirthsW,dMean_deaths_window,sd_dDeathsW,ciLo_dDeathsW,ciHi_dDeathsW,dMean_net_window,sd_dNetW,ciLo_dNetW,ciHi_dNetW,rmst_random_tau,rmst_informed_tau,dRmst,ciLo_dRmst,ciHi_dRmst,hedgesG_survival_ref,logrank_z,logrank_pApprox
0,0.006,0.200000,50,1000,200,201,1,-257.640000,9.793292,-260.040000,-254.900000,-0.100867,0.182339,-0.147795,-0.050732,-0.006552,0.008416,-0.008831,-0.004387,-0.094315,0.188190,-0.143377,-0.042911,0.000000,0.000000,0.000000,0.000000,-0.048812,0.192805,-0.098654,0.006428,-0.000162,0.000641,-0.000328,0.000022,0.000000,0.000000,0.000000,0.000000,0.000000,0.000000,0.000000,0.000000,0.000000,0.000000,0.000000,0.000000,0.000000,0.000000,0.000000,0.000000,0.000000,0.000000,0.000000,0.000000,0.000000,0.000000,0.000000,0.000000,1510.300000,1252.660000,-257.640000,-260.340000,-254.780000,-35.268703,11.121235,0.000000000000
0,0.006,0.201000,50,1000,200,201,1,-258.660000,9.780468,-261.040000,-255.920000,-0.095352,0.180251,-0.142003,-0.045485,-0.006578,0.008409,-0.008854,-0.004414,-0.088774,0.186165,-0.137253,-0.037016,0.000000,0.000000,0.000000,0.000000,-0.049281,0.192741,-0.099098,0.005920,-0.000164,0.000640,-0.000329,0.000020,0.000000,0.000000,0.000000,0.000000,0.000000,0.000000,0.000000,0.000000,0.000000,0.000000,0.000000,0.000000,0.000000,0.000000,0.000000,0.000000,0.000000,0.000000,0.000000,0.000000,0.000000,0.000000,0.000000,0.000000,1510.300000,1251.640000,-258.660000,-261.360000,-255.800000,-35.386693,11.127196,0.000000000000
0,0.0062,0.200000,50,1000,200,201,1,-257.720000,10.119773,-260.200000,-254.880000,-0.094370,0.190139,-0.143495,-0.041940,-0.007031,0.009001,-0.009476,-0.004711,-0.087339,0.196372,-0.138006,-0.033708,0.000000,0.000000,0.000000,0.000000,-0.048402,0.198903,-0.099765,0.008722,-0.000161,0.000661,-0.000331,0.000029,0.000000,0.000000,0.000000,0.000000,0.000000,0.000000,0.000000,0.000000,0.000000,0.000000,0.000000,0.000000,0.000000,0.000000,0.000000,0.000000,0.000000,0.000000,0.000000,0.000000,0.000000,0.000000,0.000000,0.000000,1510.560000,1252.840000,-257.720000,-260.500000,-254.780000,-34.091161,11.144300,0.000000000000
0,0.0062,0.201000,50,1000,200,201,1,-258.720000,10.119773,-261.200000,-255.880000,-0.098442,0.189964,-0.148664,-0.045870,-0.007058,0.008994,-0.009498,-0.004740,-0.091384,0.196209,-0.143163,-0.036753,0.000000,0.000000,0.000000,0.000000,-0.048881,0.198854,-0.100256,0.008214,-0.000162,0.000661,-0.000333,0.000027,0.000000,0.000000,0.000000,0.000000,0.000000,0.000000,0.000000,0.000000,0.000000,0.000000,0.000000,0.000000,0.000000,0.000000,0.000000,0.000000,0.000000,0.000000,0.000000,0.000000,0.000000,0.000000,0.000000,0.000000,1510.560000,1251.840000,-258.720000,-261.500000,-255.780000,-34.223441,11.144300,0.000000000000
0,0.0064,0.200000,50,1000,200,201,1,-257.900000,10.430039,-260.480000,-254.960000,-0.096137,0.196130,-0.147680,-0.042323,-0.007532,0.009604,-0.010155,-0.005049,-0.088605,0.202819,-0.141949,-0.032839,0.000000,0.000000,0.000000,0.000000,-0.047380,0.205201,-0.100545,0.011361,-0.000157,0.000682,-0.000334,0.000038,0.000000,0.000000,0.000000,0.000000,0.000000,0.000000,0.000000,0.000000,0.000000,0.000000,0.000000,0.000000,0.000000,0.000000,0.000000,0.000000,0.000000,0.000000,0.000000,0.000000,0.000000,0.000000,0.000000,0.000000,1510.920000,1253.020000,-257.900000,-260.740000,-254.840000,-33.003778,11.157707,0.000000000000
0,0.0064,0.201000,50,1000,200,201,1,-258.980000,10.455913,-261.560000,-256.060000,-0.095772,0.190465,-0.145168,-0.043299,-0.007563,0.009596,-0.010182,-0.005083,-0.088209,0.197226,-0.139320,-0.033873,0.000000,0.000000,0.000000,0.000000,-0.047915,0.205142,-0.101025,0.010830,-0.000159,0.000682,-0.000336,0.000036,0.000000,0.000000,0.000000,0.000000,0.000000,0.000000,0.000000,0.000000,0.000000,0.000000,0.000000,0.000000,0.000000,0.000000,0.000000,0.000000,0.000000,0.000000,0.000000,0.000000,0.000000,0.000000,0.000000,0.000000,1510.920000,1251.940000,-258.980000,-261.840000,-255.900000,-33.142437,11.144300,0.000000000000
0,0.0066,0.200000,50,1000,200,201,1,-258.020000,10.814748,-260.680000,-254.980000,-0.093730,0.201343,-0.145447,-0.037714,-0.008050,0.010233,-0.010849,-0.005404,-0.085680,0.208412,-0.138926,-0.028151,0.000000,0.000000,0.000000,0.000000,-0.043411,0.212913,-0.098332,0.016497,-0.000144,0.000707,-0.000327,0.000055,0.000000,0.000000,0.000000,0.000000,0.000000,0.000000,0.000000,0.000000,0.000000,0.000000,0.000000,0.000000,0.000000,0.000000,0.000000,0.000000,0.000000,0.000000,0.000000,0.000000,0.000000,0.000000,0.000000,0.000000,1511.260000,1253.240000,-258.020000,-260.940000,-254.900000,-31.967497,11.157341,0.000000000000
0,0.0066,0.201000,50,1000,200,201,1,-259.120000,10.775331,-261.780000,-256.120000,-0.091852,0.196258,-0.142399,-0.037680,-0.008082,0.010225,-0.010879,-0.005437,-0.083770,0.203477,-0.136961,-0.027320,0.000000,0.000000,0.000000,0.000000,-0.044888,0.211589,-0.099807,0.014776,-0.000149,0.000703,-0.000332,0.000049,0.000000,0.000000,0.000000,0.000000,0.000000,0.000000,0.000000,0.000000,0.000000,0.000000,0.000000,0.000000,0.000000,0.000000,0.000000,0.000000,0.000000,0.000000,0.000000,0.000000,0.000000,0.000000,0.000000,0.000000,1511.260000,1252.140000,-259.120000,-262.080000,-255.980000,-32.121925,11.161022,0.000000000000
0,0.0068000000000000005,0.200000,50,1000,200,201,1,-258.260000,11.200966,-261.020000,-255.120000,-0.091681,0.207641,-0.145211,-0.033865,-0.008604,0.010880,-0.011601,-0.005793,-0.083077,0.215252,-0.138317,-0.023462,0.000000,0.000000,0.000000,0.000000,-0.041294,0.219842,-0.097871,0.020053,-0.000137,0.000730,-0.000325,0.000067,0.000000,0.000000,0.000000,0.000000,0.000000,0.000000,0.000000,0.000000,0.000000,0.000000,0.000000,0.000000,0.000000,0.000000,0.000000,0.000000,0.000000,0.000000,0.000000,0.000000,0.000000,0.000000,0.000000,0.000000,1511.680000,1253.420000,-258.260000,-261.320000,-255.020000,-30.964558,11.166459,0.000000000000
0,0.0068000000000000005,0.201000,50,1000,200,201,1,-259.340000,11.182366,-262.080000,-256.200000,-0.089249,0.206625,-0.142660,-0.031129,-0.008637,0.010870,-0.011628,-0.005827,-0.080612,0.214298,-0.135860,-0.020707,0.000000,0.000000,0.000000,0.000000,-0.041882,0.219726,-0.098391,0.019403,-0.000139,0.000730,-0.000327,0.000065,0.000000,0.000000,0.000000,0.000000,0.000000,0.000000,0.000000,0.000000,0.000000,0.000000,0.000000,0.000000,0.000000,0.000000,0.000000,0.000000,0.000000,0.000000,0.000000,0.000000,0.000000,0.000000,0.000000,0.000000,1511.680000,1252.340000,-259.340000,-262.380000,-256.100000,-31.217429,11.162713,0.000000000000
0,0.007,0.200000,50,1000,200,201,1,-258.520000,11.597396,-261.380000,-255.260000,-0.085173,0.211265,-0.139264,-0.026757,-0.009191,0.011550,-0.012388,-0.006194,-0.075982,0.219377,-0.131721,-0.015309,0.000000,0.000000,0.000000,0.000000,-0.038618,0.226450,-0.096748,0.024308,-0.000128,0.000752,-0.000321,0.000081,0.000000,0.000000,0.000000,0.000000,0.000000,0.000000,0.000000,0.000000,0.000000,0.000000,0.000000,0.000000,0.000000,0.000000,0.000000,0.000000,0.000000,0.000000,0.000000,0.000000,0.000000,0.000000,0.000000,0.000000,1512.120000,1253.600000,-258.520000,-261.640000,-255.160000,-29.909986,11.183620,0.000000000000
0,0.007,0.201000,50,1000,200,201,1,-259.560000,11.572593,-262.420000,-256.320000,-0.081666,0.210515,-0.135178,-0.023584,-0.009224,0.011540,-0.012420,-0.006230,-0.072441,0.218650,-0.128217,-0.011952,0.000000,0.000000,0.000000,0.000000,-0.039217,0.226346,-0.097271,0.023702,-0.000130,0.000752,-0.000323,0.000079,0.000000,0.000000,0.000000,0.000000,0.000000,0.000000,0.000000,0.000000,0.000000,0.000000,0.000000,0.000000,0.000000,0.000000,0.000000,0.000000,0.000000,0.000000,0.000000,0.000000,0.000000,0.000000,0.000000,0.000000,1512.120000,1252.560000,-259.560000,-262.660000,-256.220000,-30.180725,11.166631,0.000000000000
0,0.0072,0.200000,50,1000,200,201,1,-258.560000,11.957680,-261.520000,-255.180000,-0.080422,0.214852,-0.135777,-0.022070,-0.009790,0.012243,-0.013172,-0.006644,-0.070632,0.223502,-0.127887,-0.009219,0.000000,0.000000,0.000000,0.000000,-0.035744,0.233748,-0.095777,0.029745,-0.000119,0.000776,-0.000318,0.000099,0.000000,0.000000,0.000000,0.000000,0.000000,0.000000,0.000000,0.000000,0.000000,0.000000,0.000000,0.000000,0.000000,0.000000,0.000000,0.000000,0.000000,0.000000,0.000000,0.000000,0.000000,0.000000,0.000000,0.000000,1512.360000,1253.800000,-258.560000,-261.820000,-255.080000,-29.052442,11.206597,0.000000000000
0,0.0072,0.201000,50,1000,200,201,1,-259.560000,11.957680,-262.520000,-256.180000,-0.076353,0.214792,-0.131813,-0.017560,-0.009824,0.012234,-0.013204,-0.006678,-0.066529,0.223492,-0.124344,-0.005093,0.000000,0.000000,0.000000,0.000000,-0.036389,0.233705,-0.096317,0.029042,-0.000121,0.000776,-0.000320,0.000096,0.000000,0.000000,0.000000,0.000000,0.000000,0.000000,0.000000,0.000000,0.000000,0.000000,0.000000,0.000000,0.000000,0.000000,0.000000,0.000000,0.000000,0.000000,0.000000,0.000000,0.000000,0.000000,0.000000,0.000000,1512.360000,1252.800000,-259.560000,-262.820000,-256.080000,-29.164804,11.206597,0.000000000000
0,0.0074,0.200000,50,1000,200,201,1,-258.680000,12.471093,-261.740000,-255.180000,-0.075345,0.226455,-0.133071,-0.014113,-0.010433,0.012957,-0.013999,-0.007116,-0.064912,0.235641,-0.125049,-0.001007,0.000000,0.000000,0.000000,0.000000,-0.034124,0.240995,-0.096167,0.032959,-0.000113,0.000800,-0.000319,0.000109,0.000000,0.000000,0.000000,0.000000,0.000000,0.000000,0.000000,0.000000,0.000000,0.000000,0.000000,0.000000,0.000000,0.000000,0.000000,0.000000,0.000000,0.000000,0.000000,0.000000,0.000000,0.000000,0.000000,0.000000,1512.720000,1254.040000,-258.680000,-261.980000,-255.100000,-28.120703,11.169333,0.000000000000
0,0.0074,0.201000,50,1000,200,201,1,-259.700000,12.415017,-262.740000,-256.220000,-0.072685,0.228069,-0.130577,-0.010122,-0.010468,0.012947,-0.014030,-0.007155,-0.062217,0.237190,-0.122770,0.002605,0.000000,0.000000,0.000000,0.000000,-0.034748,0.240886,-0.096772,0.032309,-0.000115,0.000800,-0.000321,0.000107,0.000000,0.000000,0.000000,0.000000,0.000000,0.000000,0.000000,0.000000,0.000000,0.000000,0.000000,0.000000,0.000000,0.000000,0.000000,0.000000,0.000000,0.000000,0.000000,0.000000,0.000000,0.000000,0.000000,0.000000,1512.720000,1253.020000,-259.700000,-263.000000,-256.140000,-28.351515,11.187273,0.000000000000
0,0.0076,0.200000,50,1000,200,201,1,-258.840000,12.689961,-261.960000,-255.300000,-0.074823,0.230399,-0.134034,-0.011729,-0.011100,0.013702,-0.014860,-0.007574,-0.063723,0.239995,-0.125353,0.001648,0.000000,0.000000,0.000000,0.000000,-0.032240,0.247555,-0.095678,0.036605,-0.000107,0.000822,-0.000318,0.000122,0.000000,0.000000,0.000000,0.000000,0.000000,0.000000,0.000000,0.000000,0.000000,0.000000,0.000000,0.000000,0.000000,0.000000,0.000000,0.000000,0.000000,0.000000,0.000000,0.000000,0.000000,0.000000,0.000000,0.000000,1513.120000,1254.280000,-258.840000,-262.300000,-255.120000,-27.331082,11.181998,0.000000000000
0,0.0076,0.201000,50,1000,200,201,1,-259.900000,12.684958,-263.000000,-256.340000,-0.073529,0.233164,-0.133186,-0.010219,-0.011139,0.013690,-0.014896,-0.007617,-0.062390,0.242805,-0.124317,0.003232,0.000000,0.000000,0.000000,0.000000,-0.032964,0.247505,-0.096441,0.035921,-0.000109,0.000822,-0.000320,0.000119,0.000000,0.000000,0.000000,0.000000,0.000000,0.000000,0.000000,0.000000,0.000000,0.000000,0.000000,0.000000,0.000000,0.000000,0.000000,0.000000,0.000000,0.000000,0.000000,0.000000,0.000000,0.000000,0.000000,0.000000,1513.120000,1253.220000,-259.900000,-263.380000,-256.180000,-27.458081,11.187227,0.000000000000
0,0.0078000000000000005,0.200000,50,1000,200,201,1,-258.960000,13.141242,-262.160000,-255.200000,-0.070621,0.234001,-0.132810,-0.006017,-0.011789,0.014468,-0.015770,-0.008091,-0.058832,0.244231,-0.123191,0.008400,0.000000,0.000000,0.000000,0.000000,-0.025352,0.254468,-0.090453,0.046477,-0.000084,0.000845,-0.000300,0.000154,0.000000,0.000000,0.000000,0.000000,0.000000,0.000000,0.000000,0.000000,0.000000,0.000000,0.000000,0.000000,0.000000,0.000000,0.000000,0.000000,0.000000,0.000000,0.000000,0.000000,0.000000,0.000000,0.000000,0.000000,1513.520000,1254.560000,-258.960000,-262.480000,-255.140000,-26.677914,11.162220,0.000000000000
0,0.0078000000000000005,0.201000,50,1000,200,201,1,-260.040000,13.135029,-263.240000,-256.280000,-0.068727,0.238615,-0.130827,-0.004040,-0.011829,0.014456,-0.015808,-0.008136,-0.056898,0.248926,-0.121677,0.012175,0.000000,0.000000,0.000000,0.000000,-0.027234,0.253824,-0.092700,0.043631,-0.000090,0.000843,-0.000308,0.000145,0.000000,0.000000,0.000000,0.000000,0.000000,0.000000,0.000000,0.000000,0.000000,0.000000,0.000000,0.000000,0.000000,0.000000,0.000000,0.000000,0.000000,0.000000,0.000000,0.000000,0.000000,0.000000,0.000000,0.000000,1513.520000,1253.480000,-260.040000,-263.560000,-256.220000,-26.788940,11.172407,0.000000000000
0,0.008,0.200000,50,1000,200,201,1,-258.980000,13.503575,-262.260000,-255.140000,-0.063682,0.245745,-0.127020,0.003946,-0.012509,0.015253,-0.016706,-0.008577,-0.051173,0.256364,-0.117165,0.019763,0.000000,0.000000,0.000000,0.000000,-0.021095,0.262261,-0.087672,0.052741,-0.000070,0.000871,-0.000291,0.000175,0.000000,0.000000,0.000000,0.000000,0.000000,0.000000,0.000000,0.000000,0.000000,0.000000,0.000000,0.000000,0.000000,0.000000,0.000000,0.000000,0.000000,0.000000,0.000000,0.000000,0.000000,0.000000,0.000000,0.000000,1513.860000,1254.880000,-258.980000,-262.620000,-255.020000,-25.864376,11.140562,0.000000000000
0,0.008,0.201000,50,1000,200,201,1,-260.060000,13.533647,-263.340000,-256.180000,-0.061709,0.248679,-0.126537,0.007810,-0.012551,0.015239,-0.016741,-0.008624,-0.049158,0.259332,-0.116002,0.023691,0.000000,0.000000,0.000000,0.000000,-0.021963,0.262198,-0.088582,0.051864,-0.000073,0.000870,-0.000294,0.000172,0.000000,0.000000,0.000000,0.000000,0.000000,0.000000,0.000000,0.000000,0.000000,0.000000,0.000000,0.000000,0.000000,0.000000,0.000000,0.000000,0.000000,0.000000,0.000000,0.000000,0.000000,0.000000,0.000000,0.000000,1513.860000,1253.800000,-260.060000,-263.720000,-256.100000,-25.960540,11.146558,0.000000000000
0,0.0082,0.200000,50,1000,200,201,1,-259.120000,13.935185,-262.500000,-255.120000,-0.056498,0.252827,-0.123171,0.012810,-0.013276,0.016062,-0.017690,-0.009126,-0.043222,0.264107,-0.112193,0.029630,0.000000,0.000000,0.000000,0.000000,-0.017351,0.269775,-0.086166,0.058545,-0.000058,0.000895,-0.000286,0.000194,0.000000,0.000000,0.000000,0.000000,0.000000,0.000000,0.000000,0.000000,0.000000,0.000000,0.000000,0.000000,0.000000,0.000000,0.000000,0.000000,0.000000,0.000000,0.000000,0.000000,0.000000,0.000000,0.000000,0.000000,1514.220000,1255.100000,-259.120000,-262.900000,-255.080000,-25.214992,11.176165,0.000000000000
0,0.0082,0.201000,50,1000,200,201,1,-260.180000,13.892723,-263.560000,-256.220000,-0.054909,0.252880,-0.120495,0.013399,-0.013319,0.016049,-0.017730,-0.009172,-0.041590,0.264165,-0.109560,0.030451,0.000000,0.000000,0.000000,0.000000,-0.018339,0.269485,-0.087108,0.057519,-0.000061,0.000894,-0.000289,0.000191,0.000000,0.000000,0.000000,0.000000,0.000000,0.000000,0.000000,0.000000,0.000000,0.000000,0.000000,0.000000,0.000000,0.000000,0.000000,0.000000,0.000000,0.000000,0.000000,0.000000,0.000000,0.000000,0.000000,0.000000,1514.220000,1254.040000,-260.180000,-263.920000,-256.160000,-25.386212,11.168583,0.000000000000
0,0.008400000000000001,0.200000,50,1000,200,201,1,-259.180000,14.174841,-262.640000,-255.120000,-0.052570,0.257728,-0.120457,0.017611,-0.014089,0.016890,-0.018697,-0.009755,-0.038480,0.269539,-0.108813,0.035344,0.000000,0.000000,0.000000,0.000000,-0.012863,0.275898,-0.084217,0.064808,-0.000043,0.000916,-0.000280,0.000215,0.000000,0.000000,0.000000,0.000000,0.000000,0.000000,0.000000,0.000000,0.000000,0.000000,0.000000,0.000000,0.000000,0.000000,0.000000,0.000000,0.000000,0.000000,0.000000,0.000000,0.000000,0.000000,0.000000,0.000000,1514.580000,1255.400000,-259.180000,-262.960000,-255.040000,-24.689795,11.188765,0.000000000000
0,0.008400000000000001,0.201000,50,1000,200,201,1,-260.220000,14.178584,-263.680000,-256.140000,-0.050919,0.259984,-0.118705,0.020185,-0.014133,0.016876,-0.018736,-0.009799,-0.036787,0.271800,-0.107082,0.038604,0.000000,0.000000,0.000000,0.000000,-0.013670,0.275791,-0.084999,0.064007,-0.000045,0.000915,-0.000282,0.000213,0.000000,0.000000,0.000000,0.000000,0.000000,0.000000,0.000000,0.000000,0.000000,0.000000,0.000000,0.000000,0.000000,0.000000,0.000000,0.000000,0.000000,0.000000,0.000000,0.000000,0.000000,0.000000,0.000000,0.000000,1514.580000,1254.360000,-260.220000,-264.020000,-256.120000,-24.836183,11.191397,0.000000000000
0,0.0086,0.200000,50,1000,200,201,1,-259.220000,14.608203,-262.840000,-255.020000,-0.050068,0.267681,-0.120233,0.023661,-0.014936,0.017725,-0.019765,-0.010360,-0.035132,0.280080,-0.108515,0.042367,0.000000,0.000000,0.000000,0.000000,-0.007164,0.282534,-0.080749,0.072503,-0.000024,0.000937,-0.000268,0.000241,0.000000,0.000000,0.000000,0.000000,0.000000,0.000000,0.000000,0.000000,0.000000,0.000000,0.000000,0.000000,0.000000,0.000000,0.000000,0.000000,0.000000,0.000000,0.000000,0.000000,0.000000,0.000000,0.000000,0.000000,1514.940000,1255.720000,-259.220000,-263.080000,-254.980000,-24.099559,11.189229,0.000000000000
0,0.0086,0.201000,50,1000,200,201,1,-260.280000,14.623213,-263.880000,-256.080000,-0.053654,0.269112,-0.123433,0.020787,-0.014982,0.017711,-0.019806,-0.010411,-0.038672,0.281707,-0.111115,0.039195,0.000000,0.000000,0.000000,0.000000,-0.008058,0.282479,-0.081553,0.071607,-0.000027,0.000937,-0.000271,0.000238,0.000000,0.000000,0.000000,0.000000,0.000000,0.000000,0.000000,0.000000,0.000000,0.000000,0.000000,0.000000,0.000000,0.000000,0.000000,0.000000,0.000000,0.000000,0.000000,0.000000,0.000000,0.000000,0.000000,0.000000,1514.940000,1254.660000,-260.280000,-264.160000,-256.040000,-24.175230,11.208587,0.000000000000
0,0.0088,0.200000,50,1000,200,201,1,-259.100000,15.032278,-262.820000,-254.860000,-0.047688,0.274685,-0.119241,0.027647,-0.015817,0.018585,-0.020866,-0.010947,-0.031871,0.288029,-0.106220,0.048005,0.000000,0.000000,0.000000,0.000000,-0.002038,0.290478,-0.077607,0.079582,-0.000007,0.000964,-0.000257,0.000264,0.000000,0.000000,0.000000,0.000000,0.000000,0.000000,0.000000,0.000000,0.000000,0.000000,0.000000,0.000000,0.000000,0.000000,0.000000,0.000000,0.000000,0.000000,0.000000,0.000000,0.000000,0.000000,0.000000,0.000000,1515.220000,1256.120000,-259.100000,-263.180000,-254.760000,-23.407540,11.195649,0.000000000000
0,0.0088,0.201000,50,1000,200,201,1,-260.140000,14.961188,-263.820000,-255.900000,-0.043424,0.268406,-0.112822,0.029564,-0.015862,0.018570,-0.020907,-0.010997,-0.027563,0.281791,-0.100529,0.050386,0.000000,0.000000,0.000000,0.000000,-0.002925,0.290334,-0.078466,0.078661,-0.000010,0.000963,-0.000260,0.000261,0.000000,0.000000,0.000000,0.000000,0.000000,0.000000,0.000000,0.000000,0.000000,0.000000,0.000000,0.000000,0.000000,0.000000,0.000000,0.000000,0.000000,0.000000,0.000000,0.000000,0.000000,0.000000,0.000000,0.000000,1515.220000,1255.080000,-260.140000,-264.200000,-255.780000,-23.595073,11.195649,0.000000000000
0,0.009000000000000001,0.200000,50,1000,200,201,1,-259.160000,15.458120,-262.980000,-254.760000,-0.041241,0.278314,-0.114147,0.035788,-0.016767,0.019466,-0.022043,-0.011649,-0.024474,0.292208,-0.100784,0.056737,0.000000,0.000000,0.000000,0.000000,0.002325,0.297989,-0.075507,0.087017,0.000008,0.000989,-0.000250,0.000289,0.000000,0.000000,0.000000,0.000000,0.000000,0.000000,0.000000,0.000000,0.000000,0.000000,0.000000,0.000000,0.000000,0.000000,0.000000,0.000000,0.000000,0.000000,0.000000,0.000000,0.000000,0.000000,0.000000,0.000000,1515.640000,1256.480000,-259.160000,-263.320000,-254.680000,-22.847839,11.183331,0.000000000000
0,0.009000000000000001,0.201000,50,1000,200,201,1,-260.240000,15.401511,-264.060000,-255.880000,-0.041741,0.276816,-0.113666,0.035231,-0.016816,0.019449,-0.022088,-0.011704,-0.024925,0.290740,-0.100474,0.055560,0.000000,0.000000,0.000000,0.000000,0.001415,0.297807,-0.076334,0.086017,0.000005,0.000988,-0.000253,0.000286,0.000000,0.000000,0.000000,0.000000,0.000000,0.000000,0.000000,0.000000,0.000000,0.000000,0.000000,0.000000,0.000000,0.000000,0.000000,0.000000,0.000000,0.000000,0.000000,0.000000,0.000000,0.000000,0.000000,0.000000,1515.640000,1255.400000,-260.240000,-264.400000,-255.760000,-23.023374,11.181491,0.000000000000
0,0.0092,0.200000,50,1000,200,201,1,-259.240000,15.817273,-263.140000,-254.760000,-0.038972,0.283372,-0.112054,0.039810,-0.017722,0.020364,-0.023250,-0.012338,-0.021250,0.297909,-0.097338,0.061848,0.000000,0.000000,0.000000,0.000000,0.006125,0.305199,-0.073506,0.092704,0.000020,0.001012,-0.000244,0.000307,0.000000,0.000000,0.000000,0.000000,0.000000,0.000000,0.000000,0.000000,0.000000,0.000000,0.000000,0.000000,0.000000,0.000000,0.000000,0.000000,0.000000,0.000000,0.000000,0.000000,0.000000,0.000000,0.000000,0.000000,1516.020000,1256.780000,-259.240000,-263.540000,-254.660000,-22.308574,11.183714,0.000000000000
0,0.0092,0.201000,50,1000,200,201,1,-260.280000,15.784312,-264.160000,-255.800000,-0.038431,0.284635,-0.111840,0.041206,-0.017771,0.020348,-0.023298,-0.012391,-0.020660,0.299122,-0.098524,0.063168,0.000000,0.000000,0.000000,0.000000,0.005243,0.305026,-0.074296,0.091783,0.000017,0.001012,-0.000247,0.000304,0.000000,0.000000,0.000000,0.000000,0.000000,0.000000,0.000000,0.000000,0.000000,0.000000,0.000000,0.000000,0.000000,0.000000,0.000000,0.000000,0.000000,0.000000,0.000000,0.000000,0.000000,0.000000,0.000000,0.000000,1516.020000,1255.740000,-260.280000,-264.580000,-255.680000,-22.407495,11.195786,0.000000000000
0,0.0094,0.200000,50,1000,200,201,1,-259.240000,16.237472,-263.300000,-254.640000,-0.034064,0.292081,-0.110057,0.047692,-0.018740,0.021292,-0.024522,-0.013080,-0.015323,0.307223,-0.095047,0.071191,0.000000,0.000000,0.000000,0.000000,0.011854,0.313297,-0.069638,0.100422,0.000039,0.001039,-0.000231,0.000333,0.000000,0.000000,0.000000,0.000000,0.000000,0.000000,0.000000,0.000000,0.000000,0.000000,0.000000,0.000000,0.000000,0.000000,0.000000,0.000000,0.000000,0.000000,0.000000,0.000000,0.000000,0.000000,0.000000,0.000000,1516.420000,1257.180000,-259.240000,-263.660000,-254.520000,-21.812088,11.175261,0.000000000000
0,0.0094,0.201000,50,1000,200,201,1,-260.360000,16.187372,-264.400000,-255.760000,-0.031994,0.292354,-0.108703,0.051075,-0.018792,0.021273,-0.024563,-0.013138,-0.013202,0.307475,-0.094314,0.073750,0.000000,0.000000,0.000000,0.000000,0.010836,0.313126,-0.070607,0.099345,0.000036,0.001039,-0.000234,0.000330,0.000000,0.000000,0.000000,0.000000,0.000000,0.000000,0.000000,0.000000,0.000000,0.000000,0.000000,0.000000,0.000000,0.000000,0.000000,0.000000,0.000000,0.000000,0.000000,0.000000,0.000000,0.000000,0.000000,0.000000,1516.420000,1256.060000,-260.360000,-264.760000,-255.680000,-21.964860,11.157872,0.000000000000
0,0.009600000000000001,0.200000,50,1000,200,201,1,-259.200000,16.538144,-263.340000,-254.560000,-0.025612,0.294685,-0.102532,0.056518,-0.019786,0.022242,-0.025865,-0.013846,-0.005826,0.310219,-0.087421,0.079522,0.000000,0.000000,0.000000,0.000000,0.018536,0.319321,-0.065128,0.108562,0.000062,0.001059,-0.000216,0.000360,0.000000,0.000000,0.000000,0.000000,0.000000,0.000000,0.000000,0.000000,0.000000,0.000000,0.000000,0.000000,0.000000,0.000000,0.000000,0.000000,0.000000,0.000000,0.000000,0.000000,0.000000,0.000000,0.000000,0.000000,1516.720000,1257.520000,-259.200000,-263.760000,-254.380000,-21.249443,11.140895,0.000000000000
0,0.009600000000000001,0.201000,50,1000,200,201,1,-260.280000,16.459028,-264.400000,-255.640000,-0.022029,0.295968,-0.100677,0.060160,-0.019837,0.022225,-0.025909,-0.013908,-0.002192,0.311488,-0.085021,0.084198,0.000000,0.000000,0.000000,0.000000,0.017571,0.319185,-0.066036,0.107548,0.000058,0.001059,-0.000219,0.000357,0.000000,0.000000,0.000000,0.000000,0.000000,0.000000,0.000000,0.000000,0.000000,0.000000,0.000000,0.000000,0.000000,0.000000,0.000000,0.000000,0.000000,0.000000,0.000000,0.000000,0.000000,0.000000,0.000000,0.000000,1516.720000,1256.440000,-260.280000,-264.820000,-255.480000,-21.444404,11.153186,0.000000000000
0,0.0098,0.200000,50,1000,200,201,1,-259.080000,16.731786,-263.260000,-254.320000,-0.010289,0.296906,-0.089564,0.069866,-0.020903,0.023184,-0.027244,-0.014696,0.010614,0.313166,-0.072629,0.095905,0.000000,0.000000,0.000000,0.000000,0.029923,0.323546,-0.053860,0.121535,0.000099,0.001073,-0.000179,0.000403,0.000000,0.000000,0.000000,0.000000,0.000000,0.000000,0.000000,0.000000,0.000000,0.000000,0.000000,0.000000,0.000000,0.000000,0.000000,0.000000,0.000000,0.000000,0.000000,0.000000,0.000000,0.000000,0.000000,0.000000,1517.100000,1258.020000,-259.080000,-263.740000,-254.160000,-20.823955,11.128315,0.000000000000
0,0.0098,0.201000,50,1000,200,201,1,-260.100000,16.687096,-264.280000,-255.340000,-0.011928,0.301529,-0.090904,0.070459,-0.020946,0.023167,-0.027284,-0.014745,0.009019,0.317676,-0.075646,0.095320,0.000000,0.000000,0.000000,0.000000,0.027372,0.324132,-0.057013,0.118063,0.000091,0.001075,-0.000189,0.000391,0.000000,0.000000,0.000000,0.000000,0.000000,0.000000,0.000000,0.000000,0.000000,0.000000,0.000000,0.000000,0.000000,0.000000,0.000000,0.000000,0.000000,0.000000,0.000000,0.000000,0.000000,0.000000,0.000000,0.000000,1517.100000,1257.000000,-260.100000,-264.760000,-255.200000,-20.947335,11.128315,0.000000000000
0,0.01,0.200000,50,1000,200,201,1,-259.040000,17.085571,-263.300000,-254.180000,-0.009413,0.302565,-0.088792,0.074791,-0.022109,0.024109,-0.028719,-0.015627,0.012696,0.319618,-0.071261,0.100783,0.000000,0.000000,0.000000,0.000000,0.037063,0.327941,-0.047611,0.129637,0.000123,0.001087,-0.000158,0.000430,0.000000,0.000000,0.000000,0.000000,0.000000,0.000000,0.000000,0.000000,0.000000,0.000000,0.000000,0.000000,0.000000,0.000000,0.000000,0.000000,0.000000,0.000000,0.000000,0.000000,0.000000,0.000000,0.000000,0.000000,1517.520000,1258.480000,-259.040000,-263.800000,-254.000000,-20.378422,11.125289,0.000000000000
0,0.01,0.201000,50,1000,200,201,1,-260.100000,17.024892,-264.340000,-255.300000,-0.006594,0.303143,-0.085853,0.077184,-0.022158,0.024094,-0.028754,-0.015682,0.015564,0.320175,-0.068369,0.104820,0.000000,0.000000,0.000000,0.000000,0.036009,0.327828,-0.048736,0.128535,0.000119,0.001087,-0.000161,0.000427,0.000000,0.000000,0.000000,0.000000,0.000000,0.000000,0.000000,0.000000,0.000000,0.000000,0.000000,0.000000,0.000000,0.000000,0.000000,0.000000,0.000000,0.000000,0.000000,0.000000,0.000000,0.000000,0.000000,0.000000,1517.520000,1257.420000,-260.100000,-264.860000,-255.080000,-20.512058,11.123000,0.000000000000
0,0.0102,0.200000,50,1000,200,201,1,-258.920000,17.355632,-263.280000,-254.000000,-0.001631,0.310830,-0.084136,0.086629,-0.023354,0.025054,-0.030214,-0.016609,0.021723,0.328623,-0.065737,0.114293,0.000000,0.000000,0.000000,0.000000,0.043985,0.334196,-0.043028,0.137591,0.000146,0.001108,-0.000143,0.000456,0.000000,0.000000,0.000000,0.000000,0.000000,0.000000,0.000000,0.000000,0.000000,0.000000,0.000000,0.000000,0.000000,0.000000,0.000000,0.000000,0.000000,0.000000,0.000000,0.000000,0.000000,0.000000,0.000000,0.000000,1517.860000,1258.940000,-258.920000,-263.780000,-253.740000,-19.943837,11.109911,0.000000000000
0,0.0102,0.201000,50,1000,200,201,1,-259.960000,17.305137,-264.300000,-255.060000,0.001292,0.309573,-0.080725,0.089091,-0.023405,0.025038,-0.030259,-0.016660,0.024697,0.327360,-0.062802,0.116083,0.000000,0.000000,0.000000,0.000000,0.042923,0.334075,-0.044096,0.136443,0.000142,0.001108,-0.000146,0.000452,0.000000,0.000000,0.000000,0.000000,0.000000,0.000000,0.000000,0.000000,0.000000,0.000000,0.000000,0.000000,0.000000,0.000000,0.000000,0.000000,0.000000,0.000000,0.000000,0.000000,0.000000,0.000000,0.000000,0.000000,1517.860000,1257.900000,-259.960000,-264.800000,-254.800000,-20.051282,11.109852,0.000000000000
0,0.0104,0.200000,50,1000,200,201,1,-258.820000,17.660853,-263.260000,-253.800000,0.002062,0.317001,-0.082025,0.090010,-0.024646,0.026020,-0.031798,-0.017663,0.026708,0.335370,-0.061986,0.120078,0.000000,0.000000,0.000000,0.000000,0.051631,0.339588,-0.036425,0.146455,0.000171,0.001126,-0.000121,0.000486,0.000000,0.000000,0.000000,0.000000,0.000000,0.000000,0.000000,0.000000,0.000000,0.000000,0.000000,0.000000,0.000000,0.000000,0.000000,0.000000,0.000000,0.000000,0.000000,0.000000,0.000000,0.000000,0.000000,0.000000,1518.200000,1259.380000,-258.820000,-263.800000,-253.500000,-19.545321,11.117689,0.000000000000
0,0.0104,0.201000,50,1000,200,201,1,-259.920000,17.604313,-264.320000,-254.940000,-0.004141,0.316628,-0.088475,0.084671,-0.024700,0.026004,-0.031841,-0.017718,0.020559,0.335013,-0.068862,0.114139,0.000000,0.000000,0.000000,0.000000,0.050511,0.339463,-0.037569,0.145311,0.000168,0.001125,-0.000124,0.000482,0.000000,0.000000,0.000000,0.000000,0.000000,0.000000,0.000000,0.000000,0.000000,0.000000,0.000000,0.000000,0.000000,0.000000,0.000000,0.000000,0.000000,0.000000,0.000000,0.000000,0.000000,0.000000,0.000000,0.000000,1518.200000,1258.280000,-259.920000,-264.920000,-254.640000,-19.661940,11.125080,0.000000000000
0,0.0106,0.200000,50,1000,200,201,1,-258.840000,18.135949,-263.420000,-253.680000,0.006425,0.322241,-0.079293,0.096511,-0.025969,0.027008,-0.033412,-0.018737,0.032394,0.341655,-0.058454,0.128668,0.000000,0.000000,0.000000,0.000000,0.059793,0.346666,-0.031210,0.156161,0.000198,0.001149,-0.000103,0.000518,0.000000,0.000000,0.000000,0.000000,0.000000,0.000000,0.000000,0.000000,0.000000,0.000000,0.000000,0.000000,0.000000,0.000000,0.000000,0.000000,0.000000,0.000000,0.000000,0.000000,0.000000,0.000000,0.000000,0.000000,1518.600000,1259.760000,-258.840000,-263.900000,-253.420000,-19.050440,11.132765,0.000000000000
0,0.0106,0.201000,50,1000,200,201,1,-259.940000,18.018596,-264.540000,-254.820000,0.004664,0.323310,-0.081834,0.094644,-0.026022,0.026990,-0.033456,-0.018797,0.030686,0.342404,-0.060735,0.126294,0.000000,0.000000,0.000000,0.000000,0.058351,0.346569,-0.032481,0.154487,0.000194,0.001149,-0.000107,0.000512,0.000000,0.000000,0.000000,0.000000,0.000000,0.000000,0.000000,0.000000,0.000000,0.000000,0.000000,0.000000,0.000000,0.000000,0.000000,0.000000,0.000000,0.000000,0.000000,0.000000,0.000000,0.000000,0.000000,0.000000,1518.600000,1258.660000,-259.940000,-265.000000,-254.600000,-19.228733,11.124110,0.000000000000
0,0.0108,0.200000,50,1000,200,201,1,-258.640000,18.568967,-263.340000,-253.360000,0.015757,0.332385,-0.072719,0.109860,-0.027379,0.027997,-0.034995,-0.019925,0.043136,0.352167,-0.051554,0.142222,0.000000,0.000000,0.000000,0.000000,0.070535,0.353468,-0.022366,0.170042,0.000234,0.001171,-0.000074,0.000564,0.000000,0.000000,0.000000,0.000000,0.000000,0.000000,0.000000,0.000000,0.000000,0.000000,0.000000,0.000000,0.000000,0.000000,0.000000,0.000000,0.000000,0.000000,0.000000,0.000000,0.000000,0.000000,0.000000,0.000000,1518.940000,1260.300000,-258.640000,-263.840000,-253.120000,-18.634107,11.124035,0.000000000000
0,0.0108,0.201000,50,1000,200,201,1,-259.840000,18.542131,-264.520000,-254.560000,0.013076,0.333442,-0.075573,0.108682,-0.027432,0.027975,-0.035044,-0.019974,0.040508,0.353391,-0.053739,0.142353,0.000000,0.000000,0.000000,0.000000,0.069037,0.353455,-0.023780,0.168505,0.000229,0.001171,-0.000079,0.000559,0.000000,0.000000,0.000000,0.000000,0.000000,0.000000,0.000000,0.000000,0.000000,0.000000,0.000000,0.000000,0.000000,0.000000,0.000000,0.000000,0.000000,0.000000,0.000000,0.000000,0.000000,0.000000,0.000000,0.000000,1518.940000,1259.100000,-259.840000,-265.020000,-254.300000,-18.779241,11.116112,0.000000000000
0,0.011,0.200000,50,1000,200,201,1,-258.360000,18.779885,-263.120000,-253.040000,0.028106,0.336437,-0.061746,0.124498,-0.028846,0.029015,-0.036711,-0.021189,0.056951,0.357075,-0.038334,0.159110,0.000000,0.000000,0.000000,0.000000,0.079421,0.361926,-0.015396,0.181643,0.000263,0.001199,-0.000051,0.000602,0.000000,0.000000,0.000000,0.000000,0.000000,0.000000,0.000000,0.000000,0.000000,0.000000,0.000000,0.000000,0.000000,0.000000,0.000000,0.000000,0.000000,0.000000,0.000000,0.000000,0.000000,0.000000,0.000000,0.000000,1519.180000,1260.820000,-258.360000,-263.580000,-252.740000,-18.334297,11.103600,0.000000000000
0,0.011,0.201000,50,1000,200,201,1,-259.600000,18.666788,-264.320000,-254.320000,0.027479,0.334167,-0.060667,0.122569,-0.028902,0.028995,-0.036752,-0.021260,0.056381,0.354770,-0.038159,0.157027,0.000000,0.000000,0.000000,0.000000,0.078113,0.361558,-0.016672,0.180094,0.000259,0.001198,-0.000055,0.000597,0.000000,0.000000,0.000000,0.000000,0.000000,0.000000,0.000000,0.000000,0.000000,0.000000,0.000000,0.000000,0.000000,0.000000,0.000000,0.000000,0.000000,0.000000,0.000000,0.000000,0.000000,0.000000,0.000000,0.000000,1519.180000,1259.580000,-259.600000,-264.840000,-254.040000,-18.516844,11.131070,0.000000000000
0,0.011200000000000002,0.200000,50,1000,200,201,1,-258.460000,19.173973,-263.320000,-253.040000,0.037256,0.342487,-0.053636,0.135016,-0.030403,0.030041,-0.038625,-0.022456,0.067659,0.363793,-0.028859,0.171184,0.000000,0.000000,0.000000,0.000000,0.087812,0.370021,-0.009745,0.193287,0.000291,0.001226,-0.000032,0.000640,0.000000,0.000000,0.000000,0.000000,0.000000,0.000000,0.000000,0.000000,0.000000,0.000000,0.000000,0.000000,0.000000,0.000000,0.000000,0.000000,0.000000,0.000000,0.000000,0.000000,0.000000,0.000000,0.000000,0.000000,1519.720000,1261.260000,-258.460000,-263.820000,-252.740000,-17.992245,11.093860,0.000000000000
0,0.011200000000000002,0.201000,50,1000,200,201,1,-259.560000,19.082164,-264.400000,-254.180000,0.033274,0.342028,-0.057312,0.129827,-0.030456,0.030021,-0.038663,-0.022514,0.063730,0.363405,-0.032792,0.167143,0.000000,0.000000,0.000000,0.000000,0.086485,0.369809,-0.010956,0.191993,0.000287,0.001225,-0.000036,0.000636,0.000000,0.000000,0.000000,0.000000,0.000000,0.000000,0.000000,0.000000,0.000000,0.000000,0.000000,0.000000,0.000000,0.000000,0.000000,0.000000,0.000000,0.000000,0.000000,0.000000,0.000000,0.000000,0.000000,0.000000,1519.720000,1260.160000,-259.560000,-264.900000,-253.880000,-18.154214,11.116089,0.000000000000
0,0.0114,0.200000,50,1000,200,201,1,-258.360000,19.486008,-263.300000,-252.820000,0.040838,0.346217,-0.050526,0.138209,-0.031969,0.031118,-0.040545,-0.023623,0.072808,0.368614,-0.024801,0.176672,0.000000,0.000000,0.000000,0.000000,0.096383,0.376124,-0.002349,0.203224,0.000320,0.001246,-0.000008,0.000674,0.000000,0.000000,0.000000,0.000000,0.000000,0.000000,0.000000,0.000000,0.000000,0.000000,0.000000,0.000000,0.000000,0.000000,0.000000,0.000000,0.000000,0.000000,0.000000,0.000000,0.000000,0.000000,0.000000,0.000000,1520.020000,1261.660000,-258.360000,-263.760000,-252.560000,-17.655661,11.102741,0.000000000000
0,0.0114,0.201000,50,1000,200,201,1,-259.460000,19.488573,-264.380000,-253.960000,0.039858,0.349859,-0.050998,0.139017,-0.032030,0.031092,-0.040600,-0.023677,0.071888,0.372272,-0.026534,0.177714,0.000000,0.000000,0.000000,0.000000,0.095121,0.376025,-0.003578,0.201857,0.000315,0.001246,-0.000012,0.000669,0.000000,0.000000,0.000000,0.000000,0.000000,0.000000,0.000000,0.000000,0.000000,0.000000,0.000000,0.000000,0.000000,0.000000,0.000000,0.000000,0.000000,0.000000,0.000000,0.000000,0.000000,0.000000,0.000000,0.000000,1520.020000,1260.560000,-259.460000,-264.840000,-253.660000,-17.750127,11.106704,0.000000000000
0,0.0116,0.200000,50,1000,200,201,1,-258.180000,19.865558,-263.240000,-252.480000,0.049151,0.349473,-0.043237,0.147109,-0.033588,0.032193,-0.042433,-0.025007,0.082739,0.372595,-0.015670,0.188703,0.000000,0.000000,0.000000,0.000000,0.106772,0.380981,0.006898,0.215546,0.000354,0.001262,0.000023,0.000715,0.000000,0.000000,0.000000,0.000000,0.000000,0.000000,0.000000,0.000000,0.000000,0.000000,0.000000,0.000000,0.000000,0.000000,0.000000,0.000000,0.000000,0.000000,0.000000,0.000000,0.000000,0.000000,0.000000,0.000000,1520.380000,1262.200000,-258.180000,-263.820000,-252.300000,-17.356956,11.094406,0.000000000000
0,0.0116,0.201000,50,1000,200,201,1,-259.280000,19.850502,-264.320000,-253.620000,0.048302,0.351286,-0.043508,0.146592,-0.033644,0.032171,-0.042486,-0.025063,0.081946,0.374507,-0.016156,0.187837,0.000000,0.000000,0.000000,0.000000,0.105395,0.380831,0.005463,0.214009,0.000349,0.001262,0.000019,0.000710,0.000000,0.000000,0.000000,0.000000,0.000000,0.000000,0.000000,0.000000,0.000000,0.000000,0.000000,0.000000,0.000000,0.000000,0.000000,0.000000,0.000000,0.000000,0.000000,0.000000,0.000000,0.000000,0.000000,0.000000,1520.380000,1261.100000,-259.280000,-264.840000,-253.380000,-17.461807,11.096054,0.000000000000
0,0.011800000000000001,0.200000,50,1000,200,201,1,-258.080000,20.140162,-263.200000,-252.280000,0.055618,0.358045,-0.038371,0.157452,-0.035299,0.033273,-0.044402,-0.026498,0.090918,0.381977,-0.010537,0.199512,0.000000,0.000000,0.000000,0.000000,0.117921,0.386944,0.015497,0.227169,0.000391,0.001282,0.000051,0.000753,0.000000,0.000000,0.000000,0.000000,0.000000,0.000000,0.000000,0.000000,0.000000,0.000000,0.000000,0.000000,0.000000,0.000000,0.000000,0.000000,0.000000,0.000000,0.000000,0.000000,0.000000,0.000000,0.000000,0.000000,1520.740000,1262.660000,-258.080000,-263.800000,-252.060000,-17.057534,11.088478,0.000000000000
0,0.011800000000000001,0.201000,50,1000,200,201,1,-259.180000,20.096390,-264.300000,-253.400000,0.049960,0.359114,-0.043719,0.151201,-0.035355,0.033251,-0.044445,-0.026547,0.085316,0.383198,-0.014877,0.193321,0.000000,0.000000,0.000000,0.000000,0.116191,0.387035,0.013759,0.225634,0.000385,0.001282,0.000046,0.000747,0.000000,0.000000,0.000000,0.000000,0.000000,0.000000,0.000000,0.000000,0.000000,0.000000,0.000000,0.000000,0.000000,0.000000,0.000000,0.000000,0.000000,0.000000,0.000000,0.000000,0.000000,0.000000,0.000000,0.000000,1520.740000,1261.560000,-259.180000,-264.880000,-253.180000,-17.163250,11.085823,0.000000000000
0,0.012,0.200000,50,1000,200,201,1,-257.820000,20.621655,-263.100000,-251.920000,0.062894,0.363049,-0.031475,0.164782,-0.037063,0.034370,-0.046537,-0.028008,0.099957,0.387748,-0.002472,0.210390,0.000000,0.000000,0.000000,0.000000,0.128387,0.393554,0.023916,0.240058,0.000426,0.001304,0.000079,0.000795,0.000000,0.000000,0.000000,0.000000,0.000000,0.000000,0.000000,0.000000,0.000000,0.000000,0.000000,0.000000,0.000000,0.000000,0.000000,0.000000,0.000000,0.000000,0.000000,0.000000,0.000000,0.000000,0.000000,0.000000,1521.040000,1263.220000,-257.820000,-263.620000,-251.720000,-16.728370,11.081769,0.000000000000
0,0.012,0.201000,50,1000,200,201,1,-258.940000,20.574811,-264.200000,-253.080000,0.063622,0.364672,-0.031300,0.166646,-0.037119,0.034346,-0.046590,-0.028061,0.100741,0.389265,-0.002357,0.211440,0.000000,0.000000,0.000000,0.000000,0.126912,0.393378,0.022502,0.238547,0.000421,0.001303,0.000075,0.000790,0.000000,0.000000,0.000000,0.000000,0.000000,0.000000,0.000000,0.000000,0.000000,0.000000,0.000000,0.000000,0.000000,0.000000,0.000000,0.000000,0.000000,0.000000,0.000000,0.000000,0.000000,0.000000,0.000000,0.000000,1521.040000,1262.100000,-258.940000,-264.780000,-252.860000,-16.843004,11.076043,0.000000000000
0,0.0122,0.200000,50,1000,200,201,1,-257.700000,20.877925,-263.060000,-251.740000,0.073488,0.371127,-0.023133,0.177571,-0.038920,0.035503,-0.048622,-0.029518,0.112409,0.396983,0.007933,0.224241,0.000000,0.000000,0.000000,0.000000,0.139743,0.399630,0.033541,0.252855,0.000463,0.001323,0.000111,0.000837,0.000000,0.000000,0.000000,0.000000,0.000000,0.000000,0.000000,0.000000,0.000000,0.000000,0.000000,0.000000,0.000000,0.000000,0.000000,0.000000,0.000000,0.000000,0.000000,0.000000,0.000000,0.000000,0.000000,0.000000,1521.420000,1263.720000,-257.700000,-263.640000,-251.580000,-16.452272,11.056681,0.000000000000
0,0.0122,0.201000,50,1000,200,201,1,-258.880000,20.843087,-264.200000,-252.920000,0.071803,0.367470,-0.023574,0.173996,-0.038979,0.035476,-0.048683,-0.029582,0.110782,0.393254,0.007108,0.221360,0.000000,0.000000,0.000000,0.000000,0.138103,0.399521,0.031803,0.251076,0.000458,0.001323,0.000106,0.000831,0.000000,0.000000,0.000000,0.000000,0.000000,0.000000,0.000000,0.000000,0.000000,0.000000,0.000000,0.000000,0.000000,0.000000,0.000000,0.000000,0.000000,0.000000,0.000000,0.000000,0.000000,0.000000,0.000000,0.000000,1521.420000,1262.540000,-258.880000,-264.820000,-252.700000,-16.566015,11.063255,0.000000000000
0,0.012400000000000001,0.200000,50,1000,200,201,1,-257.700000,21.214406,-263.200000,-251.640000,0.079731,0.378714,-0.020383,0.185858,-0.040864,0.036651,-0.050849,-0.031154,0.120595,0.405416,0.013436,0.235561,0.000000,0.000000,0.000000,0.000000,0.148390,0.406286,0.040374,0.262926,0.000492,0.001345,0.000134,0.000871,0.000000,0.000000,0.000000,0.000000,0.000000,0.000000,0.000000,0.000000,0.000000,0.000000,0.000000,0.000000,0.000000,0.000000,0.000000,0.000000,0.000000,0.000000,0.000000,0.000000,0.000000,0.000000,0.000000,0.000000,1521.920000,1264.220000,-257.700000,-263.660000,-251.480000,-16.216321,11.059947,0.000000000000
0,0.012400000000000001,0.201000,50,1000,200,201,1,-258.800000,21.146718,-264.240000,-252.700000,0.080599,0.373829,-0.019117,0.185235,-0.040920,0.036625,-0.050900,-0.031218,0.121519,0.400387,0.015291,0.234668,0.000000,0.000000,0.000000,0.000000,0.146862,0.406165,0.038698,0.261286,0.000487,0.001345,0.000128,0.000866,0.000000,0.000000,0.000000,0.000000,0.000000,0.000000,0.000000,0.000000,0.000000,0.000000,0.000000,0.000000,0.000000,0.000000,0.000000,0.000000,0.000000,0.000000,0.000000,0.000000,0.000000,0.000000,0.000000,0.000000,1521.920000,1263.120000,-258.800000,-264.740000,-252.640000,-16.308746,11.070204,0.000000000000
0,0.0126,0.200000,50,1000,200,201,1,-257.400000,21.464731,-262.980000,-251.260000,0.093436,0.381163,-0.008134,0.198116,-0.042823,0.037802,-0.053162,-0.032796,0.136259,0.408457,0.028315,0.251531,0.000000,0.000000,0.000000,0.000000,0.161597,0.409719,0.053692,0.277123,0.000535,0.001357,0.000178,0.000918,0.000000,0.000000,0.000000,0.000000,0.000000,0.000000,0.000000,0.000000,0.000000,0.000000,0.000000,0.000000,0.000000,0.000000,0.000000,0.000000,0.000000,0.000000,0.000000,0.000000,0.000000,0.000000,0.000000,0.000000,1522.200000,1264.800000,-257.400000,-263.440000,-251.100000,-15.969160,11.066039,0.000000000000
0,0.0126,0.201000,50,1000,200,201,1,-258.500000,21.405940,-264.060000,-252.360000,0.092454,0.379072,-0.008247,0.197355,-0.042876,0.037780,-0.053210,-0.032855,0.135330,0.406169,0.028188,0.249528,0.000000,0.000000,0.000000,0.000000,0.160053,0.409581,0.052207,0.275481,0.000530,0.001356,0.000173,0.000913,0.000000,0.000000,0.000000,0.000000,0.000000,0.000000,0.000000,0.000000,0.000000,0.000000,0.000000,0.000000,0.000000,0.000000,0.000000,0.000000,0.000000,0.000000,0.000000,0.000000,0.000000,0.000000,0.000000,0.000000,1522.200000,1263.700000,-258.500000,-264.500000,-252.240000,-16.064176,11.066837,0.000000000000
0,0.0128,0.200000,50,1000,200,201,1,-257.340000,21.967146,-263.100000,-251.020000,0.099338,0.383790,-0.003072,0.204571,-0.044878,0.038919,-0.055504,-0.034511,0.144217,0.412111,0.033330,0.259552,0.000000,0.000000,0.000000,0.000000,0.171657,0.415905,0.061358,0.289104,0.000569,0.001377,0.000203,0.000957,0.000000,0.000000,0.000000,0.000000,0.000000,0.000000,0.000000,0.000000,0.000000,0.000000,0.000000,0.000000,0.000000,0.000000,0.000000,0.000000,0.000000,0.000000,0.000000,0.000000,0.000000,0.000000,0.000000,0.000000,1522.580000,1265.240000,-257.340000,-263.500000,-250.920000,-15.621759,11.061473,0.000000000000
0,0.0128,0.201000,50,1000,200,201,1,-258.420000,21.834339,-264.140000,-252.180000,0.103809,0.383790,0.001197,0.210054,-0.044931,0.038896,-0.055535,-0.034576,0.148740,0.411778,0.039471,0.263640,0.000000,0.000000,0.000000,0.000000,0.169997,0.415867,0.059699,0.287525,0.000563,0.001377,0.000198,0.000952,0.000000,0.000000,0.000000,0.000000,0.000000,0.000000,0.000000,0.000000,0.000000,0.000000,0.000000,0.000000,0.000000,0.000000,0.000000,0.000000,0.000000,0.000000,0.000000,0.000000,0.000000,0.000000,0.000000,0.000000,1522.580000,1264.160000,-258.420000,-264.520000,-252.060000,-15.767727,11.077222,0.000000000000
0,0.013000000000000001,0.200000,50,1000,200,201,1,-257.080000,22.107197,-262.920000,-250.800000,0.113473,0.387188,0.010428,0.222338,-0.046995,0.040091,-0.057913,-0.036252,0.160469,0.416164,0.049854,0.278286,0.000000,0.000000,0.000000,0.000000,0.181496,0.422648,0.069272,0.300716,0.000601,0.001399,0.000230,0.000996,0.000000,0.000000,0.000000,0.000000,0.000000,0.000000,0.000000,0.000000,0.000000,0.000000,0.000000,0.000000,0.000000,0.000000,0.000000,0.000000,0.000000,0.000000,0.000000,0.000000,0.000000,0.000000,0.000000,0.000000,1522.920000,1265.840000,-257.080000,-263.360000,-250.560000,-15.446624,11.052888,0.000000000000
0,0.013000000000000001,0.201000,50,1000,200,201,1,-258.200000,22.204063,-264.040000,-251.900000,0.115074,0.387890,0.011262,0.222658,-0.047055,0.040065,-0.057967,-0.036327,0.162130,0.416952,0.051757,0.278720,0.000000,0.000000,0.000000,0.000000,0.179696,0.422588,0.067605,0.299190,0.000595,0.001399,0.000224,0.000990,0.000000,0.000000,0.000000,0.000000,0.000000,0.000000,0.000000,0.000000,0.000000,0.000000,0.000000,0.000000,0.000000,0.000000,0.000000,0.000000,0.000000,0.000000,0.000000,0.000000,0.000000,0.000000,0.000000,0.000000,1522.920000,1264.720000,-258.200000,-264.420000,-251.740000,-15.485165,11.064774,0.000000000000
0,0.0132,0.200000,50,1000,200,201,1,-256.940000,22.556424,-262.840000,-250.560000,0.120158,0.392545,0.015644,0.229231,-0.049167,0.041248,-0.060384,-0.038059,0.169325,0.422597,0.057291,0.287647,0.000000,0.000000,0.000000,0.000000,0.190452,0.429142,0.076354,0.311201,0.000631,0.001420,0.000253,0.001030,0.000000,0.000000,0.000000,0.000000,0.000000,0.000000,0.000000,0.000000,0.000000,0.000000,0.000000,0.000000,0.000000,0.000000,0.000000,0.000000,0.000000,0.000000,0.000000,0.000000,0.000000,0.000000,0.000000,0.000000,1523.320000,1266.380000,-256.940000,-263.280000,-250.320000,-15.176389,11.052429,0.000000000000
0,0.0132,0.201000,50,1000,200,201,1,-258.020000,22.595367,-263.940000,-251.620000,0.120867,0.391550,0.016764,0.229710,-0.049222,0.041222,-0.060436,-0.038127,0.170089,0.421680,0.058356,0.287511,0.000000,0.000000,0.000000,0.000000,0.188924,0.429194,0.074976,0.309775,0.000626,0.001421,0.000248,0.001025,0.000000,0.000000,0.000000,0.000000,0.000000,0.000000,0.000000,0.000000,0.000000,0.000000,0.000000,0.000000,0.000000,0.000000,0.000000,0.000000,0.000000,0.000000,0.000000,0.000000,0.000000,0.000000,0.000000,0.000000,1523.320000,1265.300000,-258.020000,-264.320000,-251.440000,-15.237779,11.039191,0.000000000000
0,0.0134,0.200000,50,1000,200,201,1,-256.860000,22.794566,-262.860000,-250.440000,0.126064,0.395385,0.019995,0.235719,-0.051380,0.042456,-0.062938,-0.039921,0.177444,0.426424,0.064380,0.295714,0.000000,0.000000,0.000000,0.000000,0.200769,0.434426,0.085252,0.323023,0.000665,0.001438,0.000282,0.001069,0.000000,0.000000,0.000000,0.000000,0.000000,0.000000,0.000000,0.000000,0.000000,0.000000,0.000000,0.000000,0.000000,0.000000,0.000000,0.000000,0.000000,0.000000,0.000000,0.000000,0.000000,0.000000,0.000000,0.000000,1523.700000,1266.840000,-256.860000,-263.260000,-250.180000,-14.968342,11.050545,0.000000000000
0,0.0134,0.201000,50,1000,200,201,1,-257.980000,22.798577,-263.960000,-251.540000,0.125859,0.394775,0.021309,0.235676,-0.051438,0.042429,-0.062985,-0.039985,0.177297,0.425881,0.064395,0.296329,0.000000,0.000000,0.000000,0.000000,0.198817,0.434295,0.083360,0.320882,0.000658,0.001437,0.000276,0.001063,0.000000,0.000000,0.000000,0.000000,0.000000,0.000000,0.000000,0.000000,0.000000,0.000000,0.000000,0.000000,0.000000,0.000000,0.000000,0.000000,0.000000,0.000000,0.000000,0.000000,0.000000,0.000000,0.000000,0.000000,1523.700000,1265.720000,-257.980000,-264.360000,-251.300000,-15.047022,11.057076,0.000000000000
0,0.013600000000000001,0.200000,50,1000,200,201,1,-256.740000,23.257046,-262.820000,-250.200000,0.130062,0.406813,0.022526,0.244045,-0.053642,0.043656,-0.065571,-0.041813,0.183705,0.438556,0.066435,0.308660,0.000000,0.000000,0.000000,0.000000,0.209982,0.441212,0.092620,0.334290,0.000695,0.001460,0.000307,0.001107,0.000000,0.000000,0.000000,0.000000,0.000000,0.000000,0.000000,0.000000,0.000000,0.000000,0.000000,0.000000,0.000000,0.000000,0.000000,0.000000,0.000000,0.000000,0.000000,0.000000,0.000000,0.000000,0.000000,0.000000,1524.100000,1267.360000,-256.740000,-263.260000,-249.940000,-14.680223,11.066243,0.000000000000
0,0.013600000000000001,0.201000,50,1000,200,201,1,-257.940000,23.247041,-264.020000,-251.400000,0.130963,0.402909,0.023457,0.243765,-0.053705,0.043627,-0.065624,-0.041886,0.184667,0.434716,0.068707,0.307119,0.000000,0.000000,0.000000,0.000000,0.207946,0.440869,0.090831,0.332202,0.000688,0.001459,0.000301,0.001099,0.000000,0.000000,0.000000,0.000000,0.000000,0.000000,0.000000,0.000000,0.000000,0.000000,0.000000,0.000000,0.000000,0.000000,0.000000,0.000000,0.000000,0.000000,0.000000,0.000000,0.000000,0.000000,0.000000,0.000000,1524.100000,1266.160000,-257.940000,-264.400000,-251.160000,-14.781124,11.053887,0.000000000000
0,0.0138,0.200000,50,1000,200,201,1,-256.500000,23.611870,-262.660000,-249.880000,0.146944,0.412011,0.037059,0.261041,-0.055945,0.044900,-0.068195,-0.043666,0.202888,0.444707,0.084217,0.326594,0.000000,0.000000,0.000000,0.000000,0.221018,0.446699,0.101822,0.346398,0.000732,0.001478,0.000337,0.001147,0.000000,0.000000,0.000000,0.000000,0.000000,0.000000,0.000000,0.000000,0.000000,0.000000,0.000000,0.000000,0.000000,0.000000,0.000000,0.000000,0.000000,0.000000,0.000000,0.000000,0.000000,0.000000,0.000000,0.000000,1524.420000,1267.920000,-256.500000,-263.200000,-249.580000,-14.473639,11.056079,0.000000000000
0,0.0138,0.201000,50,1000,200,201,1,-257.640000,23.626999,-263.860000,-250.980000,0.144024,0.412835,0.034992,0.259205,-0.056008,0.044868,-0.068256,-0.043750,0.200032,0.445732,0.080705,0.325111,0.000000,0.000000,0.000000,0.000000,0.219164,0.446570,0.099920,0.344371,0.000725,0.001478,0.000331,0.001140,0.000000,0.000000,0.000000,0.000000,0.000000,0.000000,0.000000,0.000000,0.000000,0.000000,0.000000,0.000000,0.000000,0.000000,0.000000,0.000000,0.000000,0.000000,0.000000,0.000000,0.000000,0.000000,0.000000,0.000000,1524.420000,1266.780000,-257.640000,-264.320000,-250.740000,-14.540629,11.067567,0.000000000000
0,0.014,0.200000,50,1000,200,201,1,-256.420000,23.886714,-262.680000,-249.760000,0.156502,0.414175,0.046205,0.271037,-0.058370,0.046149,-0.070951,-0.045720,0.214872,0.447998,0.094582,0.340188,0.000000,0.000000,0.000000,0.000000,0.234890,0.451773,0.113679,0.363423,0.000777,0.001495,0.000377,0.001202,0.000000,0.000000,0.000000,0.000000,0.000000,0.000000,0.000000,0.000000,0.000000,0.000000,0.000000,0.000000,0.000000,0.000000,0.000000,0.000000,0.000000,0.000000,0.000000,0.000000,0.000000,0.000000,0.000000,0.000000,1524.820000,1268.400000,-256.420000,-263.220000,-249.420000,-14.246751,11.044986,0.000000000000
0,0.014,0.201000,50,1000,200,201,1,-257.580000,23.893548,-263.840000,-250.900000,0.154692,0.417425,0.043666,0.271524,-0.058428,0.046118,-0.070997,-0.045786,0.213120,0.451340,0.092186,0.339556,0.000000,0.000000,0.000000,0.000000,0.233007,0.451731,0.111846,0.361551,0.000771,0.001494,0.000371,0.001196,0.000000,0.000000,0.000000,0.000000,0.000000,0.000000,0.000000,0.000000,0.000000,0.000000,0.000000,0.000000,0.000000,0.000000,0.000000,0.000000,0.000000,0.000000,0.000000,0.000000,0.000000,0.000000,0.000000,0.000000,1524.820000,1267.240000,-257.580000,-264.360000,-250.600000,-14.313692,11.059739,0.000000000000
